{
    "error_code": 0,
    "data": {
      "id": "@id()",
      "images|0-10": ["@image()"],
      "topic": "@ctitle(5, 10)",
      "topic_id": "@id()",
      "content": "@ctitle(35, 70)",
      "time": "@time(yyyy-mm-dd)",
      "author": "@ctitle(5, 10)",
      "avatar": "http://iph.href.lu/50x50",
      "collects": "@integer(1,1200)",
      "comments": "@integer(1,1200)",
      "favors": "@integer(1,1200)",
      "is_collect": "@boolean",
      "is_author": "@boolean",
      "has_goods": "@boolean",
      "class|1-3": "@integer(1,10)"
    }
  }